metric,iteration,pole,mean,std,n
levenshtein,0,eval_exact_match,0.815,0.0,1
levenshtein,10,eval_exact_match,0.835,0.0,1
levenshtein,20,eval_exact_match,0.835,0.0,1
levenshtein,30,eval_exact_match,0.835,0.0,1
levenshtein,40,eval_exact_match,0.85,0.0,1
levenshtein,50,eval_exact_match,0.81,0.0,1
levenshtein,60,eval_exact_match,0.835,0.0,1
levenshtein,70,eval_exact_match,0.87,0.0,1
levenshtein,80,eval_exact_match,0.865,0.0,1
levenshtein,90,eval_exact_match,0.895,0.0,1
levenshtein,100,eval_exact_match,0.865,0.0,1
levenshtein,110,eval_exact_match,0.87,0.0,1
levenshtein,120,eval_exact_match,0.885,0.0,1
levenshtein,130,eval_exact_match,0.86,0.0,1
levenshtein,140,eval_exact_match,0.895,0.0,1
levenshtein,0,eval_content_f1,0.96,0.0,1
levenshtein,10,eval_content_f1,0.9575,0.0,1
levenshtein,20,eval_content_f1,0.9545,0.0,1
levenshtein,30,eval_content_f1,0.9535,0.0,1
levenshtein,40,eval_content_f1,0.955237,0.0,1
levenshtein,50,eval_content_f1,0.945,0.0,1
levenshtein,60,eval_content_f1,0.952,0.0,1
levenshtein,70,eval_content_f1,0.9625,0.0,1
levenshtein,80,eval_content_f1,0.968,0.0,1
levenshtein,90,eval_content_f1,0.9705,0.0,1
levenshtein,100,eval_content_f1,0.9685,0.0,1
levenshtein,110,eval_content_f1,0.962,0.0,1
levenshtein,120,eval_content_f1,0.9665,0.0,1
levenshtein,130,eval_content_f1,0.959,0.0,1
levenshtein,140,eval_content_f1,0.9715,0.0,1
levenshtein,0,reward_mean,0.678906,0.0,1
levenshtein,1,reward_mean,0.695312,0.0,1
levenshtein,2,reward_mean,0.642578,0.0,1
levenshtein,3,reward_mean,0.635547,0.0,1
levenshtein,4,reward_mean,0.654297,0.0,1
levenshtein,5,reward_mean,0.596875,0.0,1
levenshtein,6,reward_mean,0.624805,0.0,1
levenshtein,7,reward_mean,0.621378,0.0,1
levenshtein,8,reward_mean,0.607419,0.0,1
levenshtein,9,reward_mean,0.607031,0.0,1
levenshtein,10,reward_mean,0.656641,0.0,1
levenshtein,11,reward_mean,0.646484,0.0,1
levenshtein,12,reward_mean,0.642969,0.0,1
levenshtein,13,reward_mean,0.594531,0.0,1
levenshtein,14,reward_mean,0.610547,0.0,1
levenshtein,15,reward_mean,0.626953,0.0,1
levenshtein,16,reward_mean,0.627183,0.0,1
levenshtein,17,reward_mean,0.625781,0.0,1
levenshtein,18,reward_mean,0.658984,0.0,1
levenshtein,19,reward_mean,0.644141,0.0,1
levenshtein,20,reward_mean,0.662891,0.0,1
levenshtein,21,reward_mean,0.636696,0.0,1
levenshtein,22,reward_mean,0.64343,0.0,1
levenshtein,23,reward_mean,0.629297,0.0,1
levenshtein,24,reward_mean,0.589187,0.0,1
levenshtein,25,reward_mean,0.658259,0.0,1
levenshtein,26,reward_mean,0.627734,0.0,1
levenshtein,27,reward_mean,0.630859,0.0,1
levenshtein,28,reward_mean,0.59338,0.0,1
levenshtein,29,reward_mean,0.616623,0.0,1
levenshtein,30,reward_mean,0.631308,0.0,1
levenshtein,31,reward_mean,0.61582,0.0,1
levenshtein,32,reward_mean,0.639773,0.0,1
levenshtein,33,reward_mean,0.628125,0.0,1
levenshtein,34,reward_mean,0.666406,0.0,1
levenshtein,35,reward_mean,0.626172,0.0,1
levenshtein,36,reward_mean,0.649645,0.0,1
levenshtein,37,reward_mean,0.62017,0.0,1
levenshtein,38,reward_mean,0.632031,0.0,1
levenshtein,39,reward_mean,0.667188,0.0,1
levenshtein,40,reward_mean,0.589844,0.0,1
levenshtein,41,reward_mean,0.639173,0.0,1
levenshtein,42,reward_mean,0.667188,0.0,1
levenshtein,43,reward_mean,0.671484,0.0,1
levenshtein,44,reward_mean,0.666797,0.0,1
levenshtein,45,reward_mean,0.630469,0.0,1
levenshtein,46,reward_mean,0.642578,0.0,1
levenshtein,47,reward_mean,0.627344,0.0,1
levenshtein,48,reward_mean,0.617072,0.0,1
levenshtein,49,reward_mean,0.640625,0.0,1
levenshtein,50,reward_mean,0.665625,0.0,1
levenshtein,51,reward_mean,0.64375,0.0,1
levenshtein,52,reward_mean,0.646745,0.0,1
levenshtein,53,reward_mean,0.675391,0.0,1
levenshtein,54,reward_mean,0.649609,0.0,1
levenshtein,55,reward_mean,0.646484,0.0,1
levenshtein,56,reward_mean,0.62826,0.0,1
levenshtein,57,reward_mean,0.666858,0.0,1
levenshtein,58,reward_mean,0.632143,0.0,1
levenshtein,59,reward_mean,0.636719,0.0,1
levenshtein,60,reward_mean,0.663235,0.0,1
levenshtein,61,reward_mean,0.637109,0.0,1
levenshtein,62,reward_mean,0.644922,0.0,1
levenshtein,63,reward_mean,0.644723,0.0,1
levenshtein,64,reward_mean,0.593527,0.0,1
levenshtein,65,reward_mean,0.62793,0.0,1
levenshtein,66,reward_mean,0.65103,0.0,1
levenshtein,67,reward_mean,0.660156,0.0,1
levenshtein,68,reward_mean,0.628125,0.0,1
levenshtein,69,reward_mean,0.624907,0.0,1
levenshtein,70,reward_mean,0.620486,0.0,1
levenshtein,71,reward_mean,0.651953,0.0,1
levenshtein,72,reward_mean,0.633467,0.0,1
levenshtein,73,reward_mean,0.641016,0.0,1
levenshtein,74,reward_mean,0.610547,0.0,1
levenshtein,75,reward_mean,0.60625,0.0,1
levenshtein,76,reward_mean,0.656214,0.0,1
levenshtein,77,reward_mean,0.642188,0.0,1
levenshtein,78,reward_mean,0.659208,0.0,1
levenshtein,79,reward_mean,0.68072,0.0,1
levenshtein,80,reward_mean,0.6375,0.0,1
levenshtein,81,reward_mean,0.649198,0.0,1
levenshtein,82,reward_mean,0.663783,0.0,1
levenshtein,83,reward_mean,0.656671,0.0,1
levenshtein,84,reward_mean,0.642913,0.0,1
levenshtein,85,reward_mean,0.649747,0.0,1
levenshtein,86,reward_mean,0.620703,0.0,1
levenshtein,87,reward_mean,0.615123,0.0,1
levenshtein,88,reward_mean,0.68298,0.0,1
levenshtein,89,reward_mean,0.700781,0.0,1
levenshtein,90,reward_mean,0.676562,0.0,1
levenshtein,91,reward_mean,0.597692,0.0,1
levenshtein,92,reward_mean,0.667578,0.0,1
levenshtein,93,reward_mean,0.631641,0.0,1
levenshtein,94,reward_mean,0.666797,0.0,1
levenshtein,95,reward_mean,0.651423,0.0,1
levenshtein,96,reward_mean,0.662415,0.0,1
levenshtein,97,reward_mean,0.645201,0.0,1
levenshtein,98,reward_mean,0.659654,0.0,1
levenshtein,99,reward_mean,0.670117,0.0,1
levenshtein,100,reward_mean,0.676215,0.0,1
levenshtein,101,reward_mean,0.67726,0.0,1
levenshtein,102,reward_mean,0.639062,0.0,1
levenshtein,103,reward_mean,0.622017,0.0,1
levenshtein,104,reward_mean,0.663616,0.0,1
levenshtein,105,reward_mean,0.64707,0.0,1
levenshtein,106,reward_mean,0.669678,0.0,1
levenshtein,107,reward_mean,0.674609,0.0,1
levenshtein,108,reward_mean,0.690625,0.0,1
levenshtein,109,reward_mean,0.720312,0.0,1
levenshtein,110,reward_mean,0.688941,0.0,1
levenshtein,111,reward_mean,0.683564,0.0,1
levenshtein,112,reward_mean,0.651402,0.0,1
levenshtein,113,reward_mean,0.637029,0.0,1
levenshtein,114,reward_mean,0.61875,0.0,1
levenshtein,115,reward_mean,0.675521,0.0,1
levenshtein,116,reward_mean,0.65599,0.0,1
levenshtein,117,reward_mean,0.664453,0.0,1
levenshtein,118,reward_mean,0.67876,0.0,1
levenshtein,119,reward_mean,0.687695,0.0,1
levenshtein,120,reward_mean,0.669141,0.0,1
levenshtein,121,reward_mean,0.679954,0.0,1
levenshtein,122,reward_mean,0.624777,0.0,1
levenshtein,123,reward_mean,0.712201,0.0,1
levenshtein,124,reward_mean,0.676989,0.0,1
levenshtein,125,reward_mean,0.675391,0.0,1
levenshtein,126,reward_mean,0.685547,0.0,1
levenshtein,127,reward_mean,0.692891,0.0,1
levenshtein,128,reward_mean,0.691471,0.0,1
levenshtein,129,reward_mean,0.689648,0.0,1
levenshtein,130,reward_mean,0.727344,0.0,1
levenshtein,131,reward_mean,0.714027,0.0,1
levenshtein,132,reward_mean,0.674014,0.0,1
levenshtein,133,reward_mean,0.668359,0.0,1
levenshtein,134,reward_mean,0.647656,0.0,1
levenshtein,135,reward_mean,0.660697,0.0,1
levenshtein,136,reward_mean,0.661719,0.0,1
levenshtein,137,reward_mean,0.719531,0.0,1
levenshtein,138,reward_mean,0.703536,0.0,1
levenshtein,139,reward_mean,0.63418,0.0,1
levenshtein,140,reward_mean,0.700335,0.0,1
levenshtein,141,reward_mean,0.699196,0.0,1
levenshtein,142,reward_mean,0.680185,0.0,1
levenshtein,143,reward_mean,0.675391,0.0,1
levenshtein,144,reward_mean,0.684766,0.0,1
levenshtein,145,reward_mean,0.647414,0.0,1
levenshtein,146,reward_mean,0.706445,0.0,1
levenshtein,147,reward_mean,0.665234,0.0,1
levenshtein,148,reward_mean,0.647991,0.0,1
levenshtein,149,reward_mean,0.66606,0.0,1
levenshtein,0,kl_to_reference,0.0,0.0,1
levenshtein,1,kl_to_reference,0.005104,0.0,1
levenshtein,2,kl_to_reference,0.009412,0.0,1
levenshtein,3,kl_to_reference,0.020627,0.0,1
levenshtein,4,kl_to_reference,0.024207,0.0,1
levenshtein,5,kl_to_reference,0.035703,0.0,1
levenshtein,6,kl_to_reference,0.041387,0.0,1
levenshtein,7,kl_to_reference,0.039677,0.0,1
levenshtein,8,kl_to_reference,0.061363,0.0,1
levenshtein,9,kl_to_reference,0.061687,0.0,1
levenshtein,10,kl_to_reference,0.060753,0.0,1
levenshtein,11,kl_to_reference,0.058334,0.0,1
levenshtein,12,kl_to_reference,0.067482,0.0,1
levenshtein,13,kl_to_reference,0.080964,0.0,1
levenshtein,14,kl_to_reference,0.092454,0.0,1
levenshtein,15,kl_to_reference,0.086161,0.0,1
levenshtein,16,kl_to_reference,0.089635,0.0,1
levenshtein,17,kl_to_reference,0.091797,0.0,1
levenshtein,18,kl_to_reference,0.079247,0.0,1
levenshtein,19,kl_to_reference,0.102633,0.0,1
levenshtein,20,kl_to_reference,0.105613,0.0,1
levenshtein,21,kl_to_reference,0.099107,0.0,1
levenshtein,22,kl_to_reference,0.104064,0.0,1
levenshtein,23,kl_to_reference,0.101165,0.0,1
levenshtein,24,kl_to_reference,0.118522,0.0,1
levenshtein,25,kl_to_reference,0.124448,0.0,1
levenshtein,26,kl_to_reference,0.116274,0.0,1
levenshtein,27,kl_to_reference,0.108863,0.0,1
levenshtein,28,kl_to_reference,0.130541,0.0,1
levenshtein,29,kl_to_reference,0.103032,0.0,1
levenshtein,30,kl_to_reference,0.112253,0.0,1
levenshtein,31,kl_to_reference,0.118821,0.0,1
levenshtein,32,kl_to_reference,0.113646,0.0,1
levenshtein,33,kl_to_reference,0.098981,0.0,1
levenshtein,34,kl_to_reference,0.110718,0.0,1
levenshtein,35,kl_to_reference,0.117971,0.0,1
levenshtein,36,kl_to_reference,0.141246,0.0,1
levenshtein,37,kl_to_reference,0.122947,0.0,1
levenshtein,38,kl_to_reference,0.128171,0.0,1
levenshtein,39,kl_to_reference,0.11001,0.0,1
levenshtein,40,kl_to_reference,0.131872,0.0,1
levenshtein,41,kl_to_reference,0.11413,0.0,1
levenshtein,42,kl_to_reference,0.122624,0.0,1
levenshtein,43,kl_to_reference,0.13578,0.0,1
levenshtein,44,kl_to_reference,0.130921,0.0,1
levenshtein,45,kl_to_reference,0.143855,0.0,1
levenshtein,46,kl_to_reference,0.139733,0.0,1
levenshtein,47,kl_to_reference,0.1405,0.0,1
levenshtein,48,kl_to_reference,0.158303,0.0,1
levenshtein,49,kl_to_reference,0.138195,0.0,1
levenshtein,50,kl_to_reference,0.13404,0.0,1
levenshtein,51,kl_to_reference,0.15002,0.0,1
levenshtein,52,kl_to_reference,0.140423,0.0,1
levenshtein,53,kl_to_reference,0.130878,0.0,1
levenshtein,54,kl_to_reference,0.141796,0.0,1
levenshtein,55,kl_to_reference,0.128973,0.0,1
levenshtein,56,kl_to_reference,0.141098,0.0,1
levenshtein,57,kl_to_reference,0.148633,0.0,1
levenshtein,58,kl_to_reference,0.141319,0.0,1
levenshtein,59,kl_to_reference,0.143819,0.0,1
levenshtein,60,kl_to_reference,0.142969,0.0,1
levenshtein,61,kl_to_reference,0.16063,0.0,1
levenshtein,62,kl_to_reference,0.157635,0.0,1
levenshtein,63,kl_to_reference,0.134501,0.0,1
levenshtein,64,kl_to_reference,0.176844,0.0,1
levenshtein,65,kl_to_reference,0.16645,0.0,1
levenshtein,66,kl_to_reference,0.155972,0.0,1
levenshtein,67,kl_to_reference,0.143835,0.0,1
levenshtein,68,kl_to_reference,0.148222,0.0,1
levenshtein,69,kl_to_reference,0.151837,0.0,1
levenshtein,70,kl_to_reference,0.160011,0.0,1
levenshtein,71,kl_to_reference,0.148935,0.0,1
levenshtein,72,kl_to_reference,0.163187,0.0,1
levenshtein,73,kl_to_reference,0.156408,0.0,1
levenshtein,74,kl_to_reference,0.160315,0.0,1
levenshtein,75,kl_to_reference,0.157785,0.0,1
levenshtein,76,kl_to_reference,0.144226,0.0,1
levenshtein,77,kl_to_reference,0.165123,0.0,1
levenshtein,78,kl_to_reference,0.157981,0.0,1
levenshtein,79,kl_to_reference,0.148177,0.0,1
levenshtein,80,kl_to_reference,0.165344,0.0,1
levenshtein,81,kl_to_reference,0.184216,0.0,1
levenshtein,82,kl_to_reference,0.163464,0.0,1
levenshtein,83,kl_to_reference,0.178546,0.0,1
levenshtein,84,kl_to_reference,0.18856,0.0,1
levenshtein,85,kl_to_reference,0.169981,0.0,1
levenshtein,86,kl_to_reference,0.176808,0.0,1
levenshtein,87,kl_to_reference,0.186361,0.0,1
levenshtein,88,kl_to_reference,0.159214,0.0,1
levenshtein,89,kl_to_reference,0.160586,0.0,1
levenshtein,90,kl_to_reference,0.165743,0.0,1
levenshtein,91,kl_to_reference,0.190463,0.0,1
levenshtein,92,kl_to_reference,0.16319,0.0,1
levenshtein,93,kl_to_reference,0.195135,0.0,1
levenshtein,94,kl_to_reference,0.165704,0.0,1
levenshtein,95,kl_to_reference,0.186303,0.0,1
levenshtein,96,kl_to_reference,0.179712,0.0,1
levenshtein,97,kl_to_reference,0.158884,0.0,1
levenshtein,98,kl_to_reference,0.158936,0.0,1
levenshtein,99,kl_to_reference,0.165545,0.0,1
levenshtein,100,kl_to_reference,0.156304,0.0,1
levenshtein,101,kl_to_reference,0.168571,0.0,1
levenshtein,102,kl_to_reference,0.167221,0.0,1
levenshtein,103,kl_to_reference,0.180545,0.0,1
levenshtein,104,kl_to_reference,0.160198,0.0,1
levenshtein,105,kl_to_reference,0.16537,0.0,1
levenshtein,106,kl_to_reference,0.160942,0.0,1
levenshtein,107,kl_to_reference,0.160427,0.0,1
levenshtein,108,kl_to_reference,0.158784,0.0,1
levenshtein,109,kl_to_reference,0.14704,0.0,1
levenshtein,110,kl_to_reference,0.182818,0.0,1
levenshtein,111,kl_to_reference,0.184888,0.0,1
levenshtein,112,kl_to_reference,0.18126,0.0,1
levenshtein,113,kl_to_reference,0.173067,0.0,1
levenshtein,114,kl_to_reference,0.218435,0.0,1
levenshtein,115,kl_to_reference,0.197037,0.0,1
levenshtein,116,kl_to_reference,0.197717,0.0,1
levenshtein,117,kl_to_reference,0.185049,0.0,1
levenshtein,118,kl_to_reference,0.193829,0.0,1
levenshtein,119,kl_to_reference,0.177589,0.0,1
levenshtein,120,kl_to_reference,0.186387,0.0,1
levenshtein,121,kl_to_reference,0.191793,0.0,1
levenshtein,122,kl_to_reference,0.192017,0.0,1
levenshtein,123,kl_to_reference,0.18591,0.0,1
levenshtein,124,kl_to_reference,0.191606,0.0,1
levenshtein,125,kl_to_reference,0.191841,0.0,1
levenshtein,126,kl_to_reference,0.181766,0.0,1
levenshtein,127,kl_to_reference,0.177952,0.0,1
levenshtein,128,kl_to_reference,0.170007,0.0,1
levenshtein,129,kl_to_reference,0.187608,0.0,1
levenshtein,130,kl_to_reference,0.172551,0.0,1
levenshtein,131,kl_to_reference,0.160337,0.0,1
levenshtein,132,kl_to_reference,0.191416,0.0,1
levenshtein,133,kl_to_reference,0.18563,0.0,1
levenshtein,134,kl_to_reference,0.183742,0.0,1
levenshtein,135,kl_to_reference,0.192795,0.0,1
levenshtein,136,kl_to_reference,0.183161,0.0,1
levenshtein,137,kl_to_reference,0.168721,0.0,1
levenshtein,138,kl_to_reference,0.181915,0.0,1
levenshtein,139,kl_to_reference,0.209242,0.0,1
levenshtein,140,kl_to_reference,0.175146,0.0,1
levenshtein,141,kl_to_reference,0.230554,0.0,1
levenshtein,142,kl_to_reference,0.221127,0.0,1
levenshtein,143,kl_to_reference,0.206179,0.0,1
levenshtein,144,kl_to_reference,0.22376,0.0,1
levenshtein,145,kl_to_reference,0.215084,0.0,1
levenshtein,146,kl_to_reference,0.204206,0.0,1
levenshtein,147,kl_to_reference,0.205087,0.0,1
levenshtein,148,kl_to_reference,0.23004,0.0,1
levenshtein,149,kl_to_reference,0.210857,0.0,1
levenshtein,0,entropy,0.580768,0.0,1
levenshtein,1,entropy,0.584911,0.0,1
levenshtein,2,entropy,0.625201,0.0,1
levenshtein,3,entropy,0.62473,0.0,1
levenshtein,4,entropy,0.613751,0.0,1
levenshtein,5,entropy,0.662361,0.0,1
levenshtein,6,entropy,0.675479,0.0,1
levenshtein,7,entropy,0.663373,0.0,1
levenshtein,8,entropy,0.696745,0.0,1
levenshtein,9,entropy,0.674717,0.0,1
levenshtein,10,entropy,0.647752,0.0,1
levenshtein,11,entropy,0.646577,0.0,1
levenshtein,12,entropy,0.643339,0.0,1
levenshtein,13,entropy,0.694647,0.0,1
levenshtein,14,entropy,0.702376,0.0,1
levenshtein,15,entropy,0.660913,0.0,1
levenshtein,16,entropy,0.687211,0.0,1
levenshtein,17,entropy,0.650504,0.0,1
levenshtein,18,entropy,0.643182,0.0,1
levenshtein,19,entropy,0.683451,0.0,1
levenshtein,20,entropy,0.629291,0.0,1
levenshtein,21,entropy,0.648869,0.0,1
levenshtein,22,entropy,0.672444,0.0,1
levenshtein,23,entropy,0.658722,0.0,1
levenshtein,24,entropy,0.690782,0.0,1
levenshtein,25,entropy,0.684041,0.0,1
levenshtein,26,entropy,0.665897,0.0,1
levenshtein,27,entropy,0.67559,0.0,1
levenshtein,28,entropy,0.699765,0.0,1
levenshtein,29,entropy,0.649221,0.0,1
levenshtein,30,entropy,0.655025,0.0,1
levenshtein,31,entropy,0.662379,0.0,1
levenshtein,32,entropy,0.65349,0.0,1
levenshtein,33,entropy,0.667095,0.0,1
levenshtein,34,entropy,0.652796,0.0,1
levenshtein,35,entropy,0.666758,0.0,1
levenshtein,36,entropy,0.681777,0.0,1
levenshtein,37,entropy,0.66092,0.0,1
levenshtein,38,entropy,0.673995,0.0,1
levenshtein,39,entropy,0.650966,0.0,1
levenshtein,40,entropy,0.689866,0.0,1
levenshtein,41,entropy,0.66015,0.0,1
levenshtein,42,entropy,0.666577,0.0,1
levenshtein,43,entropy,0.652533,0.0,1
levenshtein,44,entropy,0.615982,0.0,1
levenshtein,45,entropy,0.713261,0.0,1
levenshtein,46,entropy,0.669045,0.0,1
levenshtein,47,entropy,0.694947,0.0,1
levenshtein,48,entropy,0.675886,0.0,1
levenshtein,49,entropy,0.675535,0.0,1
levenshtein,50,entropy,0.666751,0.0,1
levenshtein,51,entropy,0.710078,0.0,1
levenshtein,52,entropy,0.684787,0.0,1
levenshtein,53,entropy,0.663349,0.0,1
levenshtein,54,entropy,0.674758,0.0,1
levenshtein,55,entropy,0.674948,0.0,1
levenshtein,56,entropy,0.706882,0.0,1
levenshtein,57,entropy,0.697329,0.0,1
levenshtein,58,entropy,0.727838,0.0,1
levenshtein,59,entropy,0.69329,0.0,1
levenshtein,60,entropy,0.698057,0.0,1
levenshtein,61,entropy,0.721933,0.0,1
levenshtein,62,entropy,0.700961,0.0,1
levenshtein,63,entropy,0.701773,0.0,1
levenshtein,64,entropy,0.755919,0.0,1
levenshtein,65,entropy,0.72469,0.0,1
levenshtein,66,entropy,0.691098,0.0,1
levenshtein,67,entropy,0.669819,0.0,1
levenshtein,68,entropy,0.731841,0.0,1
levenshtein,69,entropy,0.74845,0.0,1
levenshtein,70,entropy,0.758294,0.0,1
levenshtein,71,entropy,0.727832,0.0,1
levenshtein,72,entropy,0.711173,0.0,1
levenshtein,73,entropy,0.704699,0.0,1
levenshtein,74,entropy,0.732801,0.0,1
levenshtein,75,entropy,0.717484,0.0,1
levenshtein,76,entropy,0.708422,0.0,1
levenshtein,77,entropy,0.709703,0.0,1
levenshtein,78,entropy,0.690408,0.0,1
levenshtein,79,entropy,0.666783,0.0,1
levenshtein,80,entropy,0.722495,0.0,1
levenshtein,81,entropy,0.730014,0.0,1
levenshtein,82,entropy,0.684172,0.0,1
levenshtein,83,entropy,0.701866,0.0,1
levenshtein,84,entropy,0.734704,0.0,1
levenshtein,85,entropy,0.716018,0.0,1
levenshtein,86,entropy,0.707694,0.0,1
levenshtein,87,entropy,0.702384,0.0,1
levenshtein,88,entropy,0.675841,0.0,1
levenshtein,89,entropy,0.67553,0.0,1
levenshtein,90,entropy,0.659474,0.0,1
levenshtein,91,entropy,0.761711,0.0,1
levenshtein,92,entropy,0.687404,0.0,1
levenshtein,93,entropy,0.722197,0.0,1
levenshtein,94,entropy,0.698533,0.0,1
levenshtein,95,entropy,0.693126,0.0,1
levenshtein,96,entropy,0.672448,0.0,1
levenshtein,97,entropy,0.697294,0.0,1
levenshtein,98,entropy,0.674822,0.0,1
levenshtein,99,entropy,0.678466,0.0,1
levenshtein,100,entropy,0.661216,0.0,1
levenshtein,101,entropy,0.694474,0.0,1
levenshtein,102,entropy,0.70394,0.0,1
levenshtein,103,entropy,0.735393,0.0,1
levenshtein,104,entropy,0.663412,0.0,1
levenshtein,105,entropy,0.690617,0.0,1
levenshtein,106,entropy,0.681902,0.0,1
levenshtein,107,entropy,0.687253,0.0,1
levenshtein,108,entropy,0.661972,0.0,1
levenshtein,109,entropy,0.6645,0.0,1
levenshtein,110,entropy,0.664419,0.0,1
levenshtein,111,entropy,0.690381,0.0,1
levenshtein,112,entropy,0.701287,0.0,1
levenshtein,113,entropy,0.727117,0.0,1
levenshtein,114,entropy,0.755826,0.0,1
levenshtein,115,entropy,0.699333,0.0,1
levenshtein,116,entropy,0.728934,0.0,1
levenshtein,117,entropy,0.685198,0.0,1
levenshtein,118,entropy,0.70347,0.0,1
levenshtein,119,entropy,0.682101,0.0,1
levenshtein,120,entropy,0.704458,0.0,1
levenshtein,121,entropy,0.677385,0.0,1
levenshtein,122,entropy,0.719323,0.0,1
levenshtein,123,entropy,0.671687,0.0,1
levenshtein,124,entropy,0.708337,0.0,1
levenshtein,125,entropy,0.687469,0.0,1
levenshtein,126,entropy,0.668154,0.0,1
levenshtein,127,entropy,0.672118,0.0,1
levenshtein,128,entropy,0.673584,0.0,1
levenshtein,129,entropy,0.675347,0.0,1
levenshtein,130,entropy,0.652832,0.0,1
levenshtein,131,entropy,0.663486,0.0,1
levenshtein,132,entropy,0.706513,0.0,1
levenshtein,133,entropy,0.678547,0.0,1
levenshtein,134,entropy,0.696026,0.0,1
levenshtein,135,entropy,0.700134,0.0,1
levenshtein,136,entropy,0.697831,0.0,1
levenshtein,137,entropy,0.656724,0.0,1
levenshtein,138,entropy,0.684509,0.0,1
levenshtein,139,entropy,0.75451,0.0,1
levenshtein,140,entropy,0.669096,0.0,1
levenshtein,141,entropy,0.719178,0.0,1
levenshtein,142,entropy,0.722465,0.0,1
levenshtein,143,entropy,0.740286,0.0,1
levenshtein,144,entropy,0.715642,0.0,1
levenshtein,145,entropy,0.730347,0.0,1
levenshtein,146,entropy,0.683291,0.0,1
levenshtein,147,entropy,0.72826,0.0,1
levenshtein,148,entropy,0.740155,0.0,1
levenshtein,149,entropy,0.715238,0.0,1
